{
    "averages": {
        "init_time": 921.4553541018527,
        "track_time": 778.1114276658642
    },
    "bicycle": {
        "init_time": 338.2501021255136,
        "track_time": 1152.697889410161
    },
    "bolt": {
        "init_time": 831.7184134139344,
        "track_time": 662.3194689243624
    },
    "car": {
        "init_time": 1434.0207072594428,
        "track_time": 1281.1881295923047
    },
    "cup": {
        "init_time": 841.9398293667853,
        "track_time": 652.7587327717406
    },
    "david": {
        "init_time": 643.1006023710391,
        "track_time": 556.5711288003218
    },
    "diving": {
        "init_time": 979.9118079380513,
        "track_time": 1096.968170753143
    },
    "face": {
        "init_time": 814.0670791270136,
        "track_time": 493.9584349487769
    },
    "gymnastics": {
        "init_time": 1148.0397221747005,
        "track_time": 935.4171262310325
    },
    "hand": {
        "init_time": 919.7744430058785,
        "track_time": 726.5978900073229
    },
    "iceskater": {
        "init_time": 306.3725490196349,
        "track_time": 189.15209333181082
    },
    "juice": {
        "init_time": 1484.3884087820884,
        "track_time": 1019.0961356943328
    },
    "jump": {
        "init_time": 792.6128482542683,
        "track_time": 468.88365560283495
    },
    "singer": {
        "init_time": 255.9063178151501,
        "track_time": 226.21138768690446
    },
    "sunshade": {
        "init_time": 1454.9879632820112,
        "track_time": 1043.3417979106741
    },
    "torus": {
        "init_time": 1590.7355561201327,
        "track_time": 1246.5647990686862
    },
    "woman": {
        "init_time": 907.4593155740002,
        "track_time": 698.0560019194156
    }
}